study_hours,sleep_hours,attendance_pct,previous_score,final_score
4.5,8.8,65.3,87.0,65.9
5.0,7.7,92.0,100.0,82.9
4.0,6.9,84.3,100.0,72.6
2.9,6.3,88.7,66.7,61.0
3.7,6.2,64.6,81.1,56.7
2.7,8.9,80.6,71.8,59.7
4.6,7.6,77.8,71.5,69.6
6.9,7.1,74.6,93.2,87.1
3.6,6.6,57.9,50.2,56.0
3.4,5.7,81.0,85.8,65.6
5.4,6.9,95.8,69.3,77.3
5.1,8.0,89.6,91.1,77.9
4.7,6.5,77.8,72.8,70.6
2.8,6.7,84.8,59.9,58.6
4.4,6.7,94.1,74.2,75.1
5.8,7.1,51.9,81.0,74.7
2.1,5.1,83.5,70.5,56.1
3.7,6.7,91.5,77.3,65.2
1.1,6.0,93.2,62.2,50.6
2.2,8.1,100.0,38.0,53.1
1.2,6.1,98.6,83.5,56.5
4.1,7.7,88.8,80.5,76.5
2.2,8.8,88.6,72.2,62.9
5.0,6.6,94.4,71.0,71.0
4.8,6.3,78.5,85.5,74.6
4.2,7.2,84.5,63.1,71.2
0.5,7.0,95.9,59.4,50.3
3.5,5.8,100.0,67.2,66.1
4.4,7.6,83.1,87.8,72.8
4.7,9.4,84.4,49.2,69.9
1.7,6.7,87.4,87.9,62.7
3.6,6.8,100.0,60.4,71.6
2.7,5.7,84.6,53.5,60.0
3.0,7.4,100.0,88.9,75.5
6.4,5.5,73.4,68.5,78.7
3.0,5.7,82.8,50.5,58.6
4.4,8.5,82.6,64.6,64.9
6.1,5.9,94.4,84.0,82.8
3.4,8.3,97.5,87.9,74.8
4.3,8.8,66.9,63.6,63.2
4.7,7.3,74.0,76.1,72.5
4.6,7.7,89.0,80.7,74.1
2.3,9.3,77.1,60.3,54.4
4.6,6.8,66.7,75.3,70.7
6.9,6.3,97.5,69.5,87.3
1.7,5.4,90.9,62.0,55.5
6.0,7.1,90.9,62.6,80.9
4.7,8.8,79.3,71.0,74.9
3.3,8.2,97.3,70.4,70.4
8.1,5.9,82.1,61.5,77.2
5.9,6.0,98.2,63.6,76.9
2.3,6.4,74.1,86.7,57.8
4.6,7.4,74.8,73.2,66.0
5.5,6.8,87.5,83.3,79.5
4.2,7.3,76.6,88.0,74.2
5.7,7.4,93.1,78.8,79.7
4.4,6.6,88.1,100.0,73.6
5.7,7.0,73.9,57.6,76.4
7.1,7.2,85.9,82.1,85.2
3.3,6.9,80.8,65.2,58.3
4.9,7.6,96.0,97.8,83.1
3.7,9.2,77.4,95.5,73.2
4.7,7.7,79.7,40.7,61.9
2.4,7.1,99.5,55.5,63.5
3.5,5.0,100.0,80.0,68.6
4.1,7.5,100.0,81.8,73.2
6.1,4.7,85.8,81.0,79.3
6.6,5.3,87.6,68.9,82.1
2.1,8.0,100.0,76.8,63.5
3.1,7.8,83.5,79.8,66.9
5.7,6.8,73.3,68.8,72.1
0.9,4.9,86.4,85.4,62.6
3.7,6.6,90.4,36.1,58.0
4.3,6.2,75.1,79.5,71.9
6.8,7.8,65.2,54.5,73.2
5.7,9.7,67.8,84.4,76.7
3.9,7.3,93.0,66.6,71.5
3.8,6.1,75.9,56.7,63.0
4.0,5.6,83.3,75.6,71.0
7.2,6.9,87.6,56.3,82.6
3.7,6.8,92.4,56.3,63.6
4.0,5.6,81.0,46.5,58.5
5.1,7.1,91.0,69.6,76.7
4.3,5.6,74.3,77.5,68.2
4.1,8.3,80.7,85.3,76.0
2.5,8.3,72.7,67.9,58.8
4.5,8.3,98.6,85.7,82.4
3.7,6.4,84.7,70.3,70.3
6.6,7.6,76.1,68.6,79.0
5.7,6.8,80.8,78.6,72.4
4.5,6.5,82.3,85.9,69.1
5.7,6.6,93.4,64.9,73.1
3.9,5.4,65.9,66.3,64.0
6.4,5.3,72.6,67.6,71.4
4.5,8.0,80.5,71.2,74.0
5.6,6.8,100.0,56.5,79.0
2.2,7.3,96.5,85.4,71.2
5.1,8.2,83.7,64.0,75.9
1.5,4.9,93.5,76.9,57.1
0.8,6.1,100.0,57.6,52.2
4.0,7.2,82.2,75.4,68.7
2.9,7.5,80.6,75.9,63.4
4.8,6.5,99.5,63.7,72.8
8.5,8.2,90.9,100.0,99.9
3.0,7.3,93.1,75.6,71.7
3.4,5.5,78.9,96.7,62.3
4.9,5.9,100.0,84.4,79.7
5.4,8.0,100.0,60.1,75.5
4.2,7.6,91.8,64.3,70.8
4.1,4.7,93.2,76.5,72.5
5.8,8.6,60.7,70.9,71.2
5.4,7.7,92.7,70.7,80.4
2.6,8.6,82.7,65.7,56.1
4.4,6.5,90.2,42.9,68.3
4.6,6.6,93.2,66.6,70.4
2.6,5.6,80.9,36.7,52.8
5.0,10.0,64.7,75.6,71.6
3.0,6.8,89.4,59.1,53.9
6.2,8.9,76.1,59.3,73.5
4.8,6.2,81.0,66.7,69.8
4.7,7.2,77.7,74.1,75.0
3.4,5.0,80.9,48.5,57.8
4.3,6.5,57.3,43.8,55.6
0.9,8.2,99.6,54.0,50.2
2.5,5.5,88.0,39.4,57.4
5.2,8.3,98.3,55.5,81.4
0.7,7.4,100.0,93.9,61.6
6.0,5.7,85.3,54.2,72.6
1.4,6.4,63.4,79.8,45.1
5.9,6.4,74.3,49.4,71.7
3.0,6.9,70.5,74.5,67.5
5.9,6.4,79.0,65.2,76.1
4.7,6.0,86.0,69.1,74.3
1.7,6.6,61.0,78.5,52.3
6.7,5.8,89.1,96.3,84.3
7.1,5.5,66.9,72.9,81.1
4.4,6.9,88.6,71.9,67.6
4.0,8.1,83.7,55.4,64.8
4.2,5.2,81.2,78.8,68.7
2.7,7.0,84.1,66.3,63.0
6.5,6.2,78.5,82.5,81.6
3.5,5.8,77.7,69.3,63.0
4.4,8.0,64.8,96.1,68.3
3.1,6.4,84.6,40.3,52.3
3.4,8.8,100.0,65.6,70.4
2.2,6.1,100.0,83.2,63.3
6.8,7.5,100.0,64.7,81.8
4.2,6.7,93.5,58.1,64.7
6.2,6.1,76.9,66.0,73.2
4.5,7.7,100.0,49.3,65.5
3.3,6.8,84.3,71.8,60.3
3.9,7.7,84.2,100.0,69.6
3.5,6.9,81.5,87.2,68.6
4.5,5.7,86.1,53.4,67.0
3.8,6.9,79.8,56.9,68.4
4.0,7.1,84.0,63.9,61.9
2.0,8.2,72.0,85.1,56.5
3.0,5.9,80.5,57.7,60.5
7.5,7.0,100.0,59.6,87.0
3.3,4.9,84.2,83.3,64.0
2.6,7.8,82.1,83.0,68.8
5.1,5.7,91.4,64.4,71.8
7.0,4.8,93.5,53.2,76.1
1.9,6.9,71.6,46.8,44.2
4.1,8.3,82.5,59.5,67.6
3.4,5.2,96.0,36.5,59.9
1.3,5.7,88.2,81.2,52.4
5.8,6.1,86.5,60.5,71.4
4.5,5.6,100.0,77.2,76.7
4.6,7.5,76.9,98.0,76.9
3.1,6.0,86.0,87.6,64.6
5.3,6.1,78.8,52.7,69.7
3.5,7.7,100.0,83.0,75.2
4.2,6.1,61.6,87.4,59.5
2.5,7.5,77.0,58.8,55.1
2.3,5.8,78.7,55.7,54.4
6.9,5.5,93.0,68.4,81.2
3.6,4.8,92.3,46.0,54.2
5.0,9.2,100.0,92.1,83.6
4.4,6.6,66.1,33.9,58.1
3.7,7.3,94.0,53.4,70.5
3.6,7.0,81.5,66.0,57.4
5.6,7.2,77.0,66.6,80.8
4.0,7.1,91.5,72.5,67.1
4.2,9.3,74.0,74.1,71.7
4.5,5.8,60.1,66.8,64.7
6.6,5.1,80.6,87.1,84.4
5.7,5.8,67.0,37.9,63.2
5.2,5.4,77.2,70.0,66.5
3.5,7.9,89.5,59.3,67.2
2.0,8.0,88.7,72.0,58.3
6.2,5.8,100.0,73.3,75.4
6.2,5.3,82.6,56.3,82.0
4.2,6.6,66.6,60.4,63.0
5.5,8.7,75.9,81.9,82.4
5.9,3.6,74.0,75.2,69.1
6.0,7.6,70.4,59.8,76.3
6.2,5.7,90.2,100.0,90.5
3.7,8.2,77.3,100.0,76.6
7.2,5.7,61.3,48.1,70.6
2.3,6.7,93.4,74.5,59.0
6.1,5.2,83.7,100.0,82.3
5.4,5.8,89.3,81.8,71.0
6.1,8.7,86.3,73.3,76.1
7.9,8.0,92.6,66.9,90.3
7.2,6.5,85.5,61.9,78.8
2.4,6.0,99.8,66.8,62.1
1.5,4.7,90.1,61.7,52.5
6.0,6.5,89.7,81.2,87.1
2.7,7.0,89.9,64.0,65.4
4.5,6.9,67.5,63.4,63.5
6.0,6.9,83.0,52.0,76.9
1.5,5.7,81.9,69.3,50.7
0.7,6.9,87.5,56.6,48.1
5.0,7.0,68.7,67.3,70.1
4.6,8.5,100.0,85.6,76.6
4.1,9.2,86.3,75.5,71.4
4.6,6.8,70.5,77.6,64.1
3.0,6.1,64.5,75.3,57.4
1.8,6.9,81.6,70.9,60.9
4.2,6.3,83.9,68.1,65.2
2.8,6.1,76.4,65.4,58.1
1.5,6.9,86.1,81.4,55.4
5.4,5.7,77.3,53.7,64.3
4.4,7.7,91.6,90.1,73.3
5.2,6.9,76.3,70.5,75.7
2.7,7.3,84.5,58.8,66.2
3.3,6.8,96.7,62.7,67.6
2.7,6.1,100.0,59.8,60.6
2.9,5.9,72.9,72.4,60.3
4.9,6.7,79.4,59.2,67.0
3.1,6.3,74.9,87.1,65.8
5.1,7.3,94.4,58.3,74.8
5.1,7.0,71.2,35.9,62.6
8.1,5.4,79.2,59.0,84.5
2.0,7.1,84.6,39.9,49.5
6.1,5.4,73.3,69.4,71.9
4.3,6.3,73.5,85.9,63.6
4.5,6.6,79.3,79.7,69.1
1.9,4.5,59.8,49.9,38.7
3.7,7.1,67.7,58.6,58.4
5.8,7.2,80.0,96.7,78.6
4.4,6.8,86.8,74.8,71.6
4.6,6.5,82.8,70.1,71.1
4.0,6.6,63.7,85.8,60.3
6.6,5.8,79.4,100.0,82.2
4.5,6.7,94.6,89.4,74.4
0.5,6.3,91.7,72.1,54.4
3.3,7.1,84.1,75.3,70.5
1.0,5.6,74.4,79.3,52.9
0.5,7.3,92.6,60.8,49.9
3.5,7.2,78.1,54.1,64.4
6.9,6.8,71.0,70.8,73.6
4.6,6.5,75.4,55.8,68.9
2.4,7.7,100.0,69.1,62.9
2.8,5.0,87.6,71.4,52.6
6.5,7.6,98.9,100.0,99.7
4.8,7.3,79.2,57.2,72.4
4.6,7.3,96.3,68.2,71.1
4.4,7.5,77.8,67.5,68.2
4.6,6.2,83.1,76.6,70.3
5.9,6.7,100.0,85.7,85.4
5.5,7.8,94.2,62.6,72.9
4.9,7.5,79.0,57.7,66.3
2.6,7.2,84.0,45.4,56.8
5.4,5.2,88.9,56.1,71.9
3.3,7.6,99.5,78.0,74.7
6.5,8.4,79.1,70.7,80.4
2.2,8.2,64.1,54.8,57.5
4.3,7.3,81.6,64.4,65.3
4.5,5.1,85.2,70.5,69.4
2.1,8.1,86.3,77.6,55.8
7.6,6.8,100.0,61.1,84.5
7.1,4.0,88.8,66.2,84.7
3.7,7.5,94.8,42.7,61.0
5.9,5.2,71.8,52.7,69.4
5.2,5.4,95.4,94.3,80.6
0.5,6.2,100.0,37.2,43.8
5.0,8.5,94.3,64.9,75.0
4.4,6.6,88.0,73.3,69.6
4.6,7.3,86.8,64.4,69.0
2.6,9.1,100.0,57.9,67.1
4.0,8.9,73.9,69.1,68.2
4.2,6.9,83.7,69.9,66.7
6.6,6.7,90.5,68.8,79.3
5.1,5.5,93.9,41.8,69.2
4.5,6.2,79.8,67.8,67.3
7.3,7.5,88.7,57.2,86.3
3.5,7.5,81.7,61.8,71.1
3.8,7.1,86.4,73.4,70.7
1.2,8.2,83.4,79.6,56.6
7.3,6.1,71.3,83.5,81.8
6.2,6.9,84.7,62.6,74.5
6.2,7.9,95.5,83.9,83.3
5.7,7.7,73.4,87.6,74.5
4.7,8.3,82.1,87.0,74.4
4.9,7.5,93.0,90.8,78.6
4.0,6.6,72.2,67.8,65.4
4.1,7.4,87.2,67.4,67.7
4.6,5.8,72.3,82.4,68.0
